{"model": "Alex", "LeftOutSet": "adni3", "bacc": 0.630064630425511, "sen": 0.3582887700534759, "spec": 0.901840490797546, "ppv": 0.6767676767676768, "npv": 0.7101449275362319, "f1": 0.46853146853146854, "acc": 0.7037037037037037}