{"model": "Alex", "LeftOutSet": "adni3", "bacc": 0.7014157014157014, "sen": 0.6190476190476191, "spec": 0.7837837837837838, "ppv": 0.6190476190476191, "npv": 0.7837837837837838, "f1": 0.6190476190476191, "acc": 0.7241379310344828}