{"model": "Alex", "LeftOutSet": "adni3", "bacc": 0.8502252252252251, "sen": 0.9166666666666666, "spec": 0.7837837837837838, "ppv": 0.6470588235294118, "npv": 0.9560439560439561, "f1": 0.7586206896551724, "acc": 0.8238993710691824}