{"model": "Alex", "LeftOutSet": "adni3", "bacc": 0.8702750841084504, "sen": 0.8387096774193549, "spec": 0.901840490797546, "ppv": 0.6190476190476191, "npv": 0.9671052631578947, "f1": 0.7123287671232876, "acc": 0.8917525773195877}