{"model": "VGG", "LeftOutSet": "adni3", "bacc": 0.8073916485256283, "sen": 0.8387096774193549, "spec": 0.7760736196319018, "ppv": 0.416, "npv": 0.9619771863117871, "f1": 0.5561497326203209, "acc": 0.7860824742268041}