{"model": "VGG", "LeftOutSet": "adni3", "bacc": 0.8291103603603603, "sen": 0.9375, "spec": 0.7207207207207207, "ppv": 0.5921052631578947, "npv": 0.963855421686747, "f1": 0.7258064516129032, "acc": 0.7861635220125787}