{"model": "VGG", "LeftOutSet": "adni3", "bacc": 0.6340261146287851, "sen": 0.4919786096256685, "spec": 0.7760736196319018, "ppv": 0.5575757575757576, "npv": 0.7270114942528736, "f1": 0.5227272727272728, "acc": 0.672514619883041}