{"model": "VGG", "LeftOutSet": "adni3", "bacc": 0.7175032175032174, "sen": 0.7142857142857143, "spec": 0.7207207207207207, "ppv": 0.5921052631578947, "npv": 0.8163265306122449, "f1": 0.6474820143884892, "acc": 0.7183908045977011}