{"model": "DenseNet", "LeftOutSet": "adni3", "bacc": 0.6417768445917129, "sen": 0.44919786096256686, "spec": 0.8343558282208589, "ppv": 0.6086956521739131, "npv": 0.7253333333333334, "f1": 0.5169230769230769, "acc": 0.6939571150097466}