{"model": "DenseNet", "LeftOutSet": "adni3", "bacc": 0.8687908173362359, "sen": 0.9032258064516129, "spec": 0.8343558282208589, "ppv": 0.509090909090909, "npv": 0.9784172661870504, "f1": 0.6511627906976745, "acc": 0.845360824742268}