{"model": "DenseNet", "LeftOutSet": "adni3", "bacc": 0.8786599099099099, "sen": 0.9375, "spec": 0.8198198198198198, "ppv": 0.6923076923076923, "npv": 0.9680851063829787, "f1": 0.7964601769911505, "acc": 0.8553459119496856}