{"model": "DenseNet", "LeftOutSet": "adni3", "bacc": 0.7432432432432432, "sen": 0.6666666666666666, "spec": 0.8198198198198198, "ppv": 0.6774193548387096, "npv": 0.8125, "f1": 0.6719999999999999, "acc": 0.764367816091954}