{"model": "Resnet", "LeftOutSet": "adni3", "bacc": 0.5954525954525954, "sen": 0.9206349206349206, "spec": 0.2702702702702703, "ppv": 0.4172661870503597, "npv": 0.8571428571428571, "f1": 0.5742574257425742, "acc": 0.5057471264367817}