{"model": "Resnet", "LeftOutSet": "adni3", "bacc": 0.6947852760736196, "sen": 1.0, "spec": 0.3895705521472393, "ppv": 0.23754789272030652, "npv": 1.0, "f1": 0.38390092879256965, "acc": 0.48711340206185566}