{"model": "Resnet", "LeftOutSet": "adni3", "bacc": 0.6247184684684685, "sen": 0.9791666666666666, "spec": 0.2702702702702703, "ppv": 0.3671875, "npv": 0.967741935483871, "f1": 0.5340909090909091, "acc": 0.48427672955974843}