{"model": "Resnet", "LeftOutSet": "adni3", "bacc": 0.6092237787474164, "sen": 0.8288770053475936, "spec": 0.3895705521472393, "ppv": 0.4378531073446328, "npv": 0.7987421383647799, "f1": 0.5730129390018485, "acc": 0.5497076023391813}